{"schemaVersion":"1.0","appDefinitionTemplate":{"id":"/providers/Microsoft.PowerApps/apps/","type":"Microsoft.PowerApps/apps","tags":{"primaryDeviceWidth":"1366","primaryDeviceHeight":"768","supportsPortrait":"true","supportsLandscape":"true","primaryFormFactor":"Tablet","publisherVersion":"3.22084.15","minimumRequiredApiVersion":"2.2.0","hasComponent":"false","hasUnlockedComponent":"false","isUnifiedRootApp":"false","sienaVersion":"20220904T092705Z-3.22084.15.0"},"properties":{"appVersion":"2022-09-04T09:27:05Z","lifeCycleId":"Published","createdByClientVersion":{"major":3,"minor":22084,"build":15,"revision":0,"majorRevision":0,"minorRevision":0},"minClientVersion":{"major":3,"minor":22084,"build":15,"revision":0,"majorRevision":0,"minorRevision":0},"backgroundColor":"RGBA(0,176,240,1)","backgroundImageUri":"/18015769230405457562/Nadcd85a8-fbfd-4790-9bf8-0b092924bc64-logoSmallFile","displayName":"Create Docs Via Power App","description":"","commitMessage":"","appUris":{"documentUri":{"value":"/18015769230405457562/Na535c2fe-9a3e-4e71-aa56-a19e9bb7bc87-document.msapp"},"imageUris":[],"additionalUris":[]},"createdTime":"0001-01-01T00:00:00Z","lastModifiedTime":"0001-01-01T00:00:00Z","sharedGroupsCount":0,"sharedUsersCount":0,"icons":{"smallIconUri":"/18015769230405457562/N02925b20-c4b6-4a45-87d3-1073e6b7d613-small.png","mediumIconUri":"/18015769230405457562/N7728c2dc-8a4b-4c1f-99f8-1650855962b2-medium.png","largeIconUri":"/18015769230405457562/N5ece05cf-e8b7-4abc-8d03-47152333822c-large.png","wideIconUri":"/18015769230405457562/N677ac609-03b1-4922-8745-1ca0c934774f-wide.png"},"connectionReferences":{"a9c0d3f6-69d2-45e7-bc42-689998232b84":{"id":"6bcb8ca5-923e-45b9-9972-c983e6d1b086","displayName":"SharePoint","iconUri":"https://connectoricons-prod.azureedge.net/releases/v1.0.1591/1.0.1591.2961/sharepointonline/icon.png","dataSources":["SharePointList"],"dependencies":[],"dependents":[],"parameterHints":{},"parameterHintsV2":{},"isOnPremiseConnection":false,"bypassConsent":false,"dataSets":{"https://abdndamodev.sharepoint.com/sites/DamoBird365":{"datasetOverride":{"name":"https://abdndamodev.sharepoint.com/sites/DamoBird365","environmentVariableName":"new_shared_sharepointonline_5a362dc52068468fb34cf5e2f251167d"},"dataSources":{"SharePointList":{"tableName":"737f89b2-9a7b-4dfa-b4ff-8a26ebd861ce","tableNameOverride":{"name":"737f89b2-9a7b-4dfa-b4ff-8a26ebd861ce","environmentVariableName":"new_SharePointList"}}}}},"apiTier":"Standard","isCustomApiConnection":false,"actions":["providers/PowerPlatform.Governance/Operations/Read","providers/PowerPlatform.Governance/Operations/Write"]},"bf4fbef6-3799-4dd8-8150-5ed64f4f2572":{"id":"24d30bf0-9fed-4752-a716-8a923cf0cd12","displayName":"Logic flows","iconUri":"https://connectoricons-prod.azureedge.net/releases/v1.0.1534/1.0.1534.2605/logicflows/icon.png","dataSources":["CreateDocumentsViaPowerApp"],"dependencies":["3379f30e-146c-41c3-8650-58d320da44b3","99b4c8a3-d555-4c44-be4e-11bc50336f6d","9a8f498d-bca0-4775-9dbf-17f396b18008","09ff5ca6-8012-46d8-9584-0e14825ca0fb","607af637-797b-40ca-aa65-d41a904978f4"],"dependents":[],"parameterHints":{"workflowName":{"value":"884e01f2-a90a-4920-831e-7d2f39a16dfc"},"workflowEntityId":{"value":"e88b09df-792b-ed11-9db1-00224842b3a1"},"3379f30e-146c-41c3-8650-58d320da44b3":{"value":"shared_wordonlinebusiness_1"},"99b4c8a3-d555-4c44-be4e-11bc50336f6d":{"value":"shared_sharepointonline_1"},"9a8f498d-bca0-4775-9dbf-17f396b18008":{"value":"shared_excelonlinebusiness_1"},"09ff5ca6-8012-46d8-9584-0e14825ca0fb":{"value":"shared_onedriveforbusiness"},"607af637-797b-40ca-aa65-d41a904978f4":{"value":"shared_office365"}},"parameterHintsV2":{"workflowName":{"value":"884e01f2-a90a-4920-831e-7d2f39a16dfc"},"workflowEntityId":{"value":"e88b09df-792b-ed11-9db1-00224842b3a1"},"shared_wordonlinebusiness_1":{"value":"3379f30e-146c-41c3-8650-58d320da44b3"},"shared_sharepointonline_1":{"value":"99b4c8a3-d555-4c44-be4e-11bc50336f6d"},"shared_excelonlinebusiness_1":{"value":"9a8f498d-bca0-4775-9dbf-17f396b18008"},"shared_onedriveforbusiness":{"value":"09ff5ca6-8012-46d8-9584-0e14825ca0fb"},"shared_office365":{"value":"607af637-797b-40ca-aa65-d41a904978f4"}},"isOnPremiseConnection":false,"bypassConsent":false,"dataSets":{},"apiTier":"Standard","isCustomApiConnection":false,"actions":["Run"],"nestedActions":[{"id":"/providers/Microsoft.PowerApps/apis/shared_office365/apiOperations/SendEmailV2","apiName":"Office 365 Outlook","actionName":"SendEmailV2","referencedResources":[]},{"id":"/providers/Microsoft.PowerApps/apis/shared_sharepointonline/apiOperations/GetFileContentByPath","apiName":"SharePoint","actionName":"GetFileContentByPath","referencedResources":[{"key":"site","value":"https://abdndamodev.sharepoint.com/sites/DamoBird365"}]},{"id":"/providers/Microsoft.PowerApps/apis/shared_excelonlinebusiness/apiOperations/RunScriptProd","apiName":"Excel Online (Business)","actionName":"RunScriptProd","referencedResources":[]},{"id":"/providers/Microsoft.PowerApps/apis/shared_sharepointonline/apiOperations/CreateFile","apiName":"SharePoint","actionName":"CreateFile","referencedResources":[{"key":"site","value":"https://abdndamodev.sharepoint.com/sites/DamoBird365"}]},{"id":"/providers/Microsoft.PowerApps/apis/shared_onedriveforbusiness/apiOperations/CreateFile","apiName":"OneDrive for Business","actionName":"CreateFile","referencedResources":[]},{"id":"/providers/Microsoft.PowerApps/apis/shared_onedriveforbusiness/apiOperations/ConvertFile","apiName":"OneDrive for Business","actionName":"ConvertFile","referencedResources":[]},{"id":"/providers/Microsoft.PowerApps/apis/shared_onedriveforbusiness/apiOperations/DeleteFile","apiName":"OneDrive for Business","actionName":"DeleteFile","referencedResources":[]},{"id":"/providers/Microsoft.PowerApps/apis/shared_wordonlinebusiness/apiOperations/GetFilePDF","apiName":"Word Online (Business)","actionName":"GetFilePDF","referencedResources":[]},{"id":"/providers/Microsoft.PowerApps/apis/shared_wordonlinebusiness/apiOperations/CreateFileItem","apiName":"Word Online (Business)","actionName":"CreateFileItem","referencedResources":[]},{"id":"/providers/Microsoft.PowerApps/apis/shared_excelonlinebusiness/apiOperations/CreateTable","apiName":"Excel Online (Business)","actionName":"CreateTable","referencedResources":[]},{"id":"/providers/Microsoft.PowerApps/apis/shared_excelonlinebusiness/apiOperations/AddRowV2","apiName":"Excel Online (Business)","actionName":"AddRowV2","referencedResources":[]}]},"3379f30e-146c-41c3-8650-58d320da44b3":{"id":"620589fd-984e-4625-89b3-321f840bee49","displayName":"Word Online (Business)","iconUri":"https://connectoricons-prod.azureedge.net/releases/v1.0.1591/1.0.1591.2961/wordonlinebusiness/icon.png","dataSources":[],"dependencies":[],"dependents":["bf4fbef6-3799-4dd8-8150-5ed64f4f2572"],"parameterHints":{},"parameterHintsV2":{},"isOnPremiseConnection":false,"bypassConsent":false,"dataSets":{},"apiTier":"Premium","isCustomApiConnection":false},"99b4c8a3-d555-4c44-be4e-11bc50336f6d":{"id":"6bcb8ca5-923e-45b9-9972-c983e6d1b086","displayName":"SharePoint","iconUri":"https://connectoricons-prod.azureedge.net/releases/v1.0.1591/1.0.1591.2961/sharepointonline/icon.png","dataSources":[],"dependencies":[],"dependents":["bf4fbef6-3799-4dd8-8150-5ed64f4f2572"],"parameterHints":{},"parameterHintsV2":{},"isOnPremiseConnection":false,"bypassConsent":false,"dataSets":{},"apiTier":"Standard","isCustomApiConnection":false,"actions":["providers/PowerPlatform.Governance/Operations/Read","providers/PowerPlatform.Governance/Operations/Write"]},"9a8f498d-bca0-4775-9dbf-17f396b18008":{"id":"2b2bb2d6-cd9c-4b9f-aaf4-930c2bcb0fd1","displayName":"Excel Online (Business)","iconUri":"https://connectoricons-prod.azureedge.net/releases/v1.0.1590/1.0.1590.2954/excelonlinebusiness/icon.png","dataSources":[],"dependencies":[],"dependents":["bf4fbef6-3799-4dd8-8150-5ed64f4f2572"],"parameterHints":{},"parameterHintsV2":{},"isOnPremiseConnection":false,"bypassConsent":false,"dataSets":{},"apiTier":"Standard","isCustomApiConnection":false},"09ff5ca6-8012-46d8-9584-0e14825ca0fb":{"id":"7bca2030-d3b5-4453-a066-53d3d7887ccb","displayName":"OneDrive for Business","iconUri":"https://connectoricons-prod.azureedge.net/releases/v1.0.1546/1.0.1546.2665/onedriveforbusiness/icon.png","dataSources":[],"dependencies":[],"dependents":["bf4fbef6-3799-4dd8-8150-5ed64f4f2572"],"parameterHints":{},"parameterHintsV2":{},"isOnPremiseConnection":false,"bypassConsent":false,"dataSets":{},"apiTier":"Standard","isCustomApiConnection":false},"607af637-797b-40ca-aa65-d41a904978f4":{"id":"b8c94308-7a46-4cbb-bf02-7f7ff60dc9e0","displayName":"Office 365 Outlook","iconUri":"https://connectoricons-prod.azureedge.net/releases/v1.0.1595/1.0.1595.2986/office365/icon.png","dataSources":[],"dependencies":[],"dependents":["bf4fbef6-3799-4dd8-8150-5ed64f4f2572"],"parameterHints":{},"parameterHintsV2":{},"isOnPremiseConnection":false,"bypassConsent":false,"dataSets":{},"apiTier":"Standard","isCustomApiConnection":false}},"databaseReferences":{},"almMode":"Solution","performanceOptimizationEnabled":true,"canConsumeAppPass":true,"enableModernRuntimeMode":false,"executionRestrictions":{"isTeamsOnly":false,"dataLossPreventionEvaluationResult":{"status":"Compliant","lastEvaluationDate":"2022-09-04T09:27:36.7118652Z","violations":[],"violationsByPolicy":[],"violationErrorMessage":"The app uses the following connectors: shared_sharepointonline, shared_logicflows, shared_wordonlinebusiness, shared_excelonlinebusiness, shared_onedriveforbusiness, shared_office365."},"httpActionRestriction":{"appUsesSharepointHttpAction":false,"enforcementStrategy":"Legacy","evaluationTime":"2022-09-04T09:27:36.7116204Z"}}},"appType":"ClassicCanvasApp","appComponents":[]}}