<ImportExportXml xmlns:xsi="http://www.w3.org/2001/XMLSchema-instance">
  <Entities></Entities>
  <Roles></Roles>
  <Workflows>
    <Workflow WorkflowId="{e88b09df-792b-ed11-9db1-00224842b3a1}" Name="Create Documents Via Power App">
      <JsonFileName>/Workflows/CreateDocumentsViaPowerApp-E88B09DF-792B-ED11-9DB1-00224842B3A1.json</JsonFileName>
      <Type>1</Type>
      <Subprocess>0</Subprocess>
      <Category>5</Category>
      <Mode>0</Mode>
      <Scope>4</Scope>
      <OnDemand>0</OnDemand>
      <TriggerOnCreate>0</TriggerOnCreate>
      <TriggerOnDelete>0</TriggerOnDelete>
      <AsyncAutodelete>0</AsyncAutodelete>
      <SyncWorkflowLogOnFailure>0</SyncWorkflowLogOnFailure>
      <StateCode>1</StateCode>
      <StatusCode>2</StatusCode>
      <RunAs>1</RunAs>
      <IsTransacted>1</IsTransacted>
      <IntroducedVersion>1.0.0.0</IntroducedVersion>
      <IsCustomizable>1</IsCustomizable>
      <BusinessProcessType>0</BusinessProcessType>
      <IsCustomProcessingStepAllowedForOtherPublishers>1</IsCustomProcessingStepAllowedForOtherPublishers>
      <PrimaryEntity>none</PrimaryEntity>
      <LocalizedNames>
        <LocalizedName languagecode="1033" description="Create Documents Via Power App" />
      </LocalizedNames>
    </Workflow>
  </Workflows>
  <FieldSecurityProfiles></FieldSecurityProfiles>
  <Templates />
  <EntityMaps />
  <EntityRelationships />
  <OrganizationSettings />
  <optionsets />
  <CustomControls />
  <EntityDataProviders />
  <CanvasApps>
    <CanvasApp>
      <Name>new_createdocsviapowerapp_d1ac9</Name>
      <AppVersion>2022-09-10T10:06:17Z</AppVersion>
      <Status>NotReady</Status>
      <CreatedByClientVersion>3.22085.14.0</CreatedByClientVersion>
      <MinClientVersion>3.22085.14.0</MinClientVersion>
      <Tags>{"primaryDeviceWidth":"1366","primaryDeviceHeight":"768","supportsPortrait":"true","supportsLandscape":"true","primaryFormFactor":"Tablet","publisherVersion":"3.22085.14","minimumRequiredApiVersion":"2.2.0","hasComponent":"false","hasUnlockedComponent":"false","isUnifiedRootApp":"false","sienaVersion":"20220904T092705Z-3.22084.15.0"}</Tags>
      <IsCdsUpgraded>0</IsCdsUpgraded>
      <GalleryItemId xsi:nil="true"></GalleryItemId>
      <BackgroundColor>RGBA(0,176,240,1)</BackgroundColor>
      <DisplayName>Create Docs Via Power App</DisplayName>
      <Description xsi:nil="true"></Description>
      <CommitMessage xsi:nil="true"></CommitMessage>
      <Publisher xsi:nil="true"></Publisher>
      <AuthorizationReferences>[]</AuthorizationReferences>
      <ConnectionReferences>{"bf4fbef6-3799-4dd8-8150-5ed64f4f2572":{"id":"/providers/microsoft.powerapps/apis/shared_logicflows","displayName":"Logic flows","iconUri":"https://connectoricons-prod.azureedge.net/releases/v1.0.1534/1.0.1534.2605/logicflows/icon.png","dataSources":["CreateDocumentsViaPowerApp"],"dependencies":["3379f30e-146c-41c3-8650-58d320da44b3","99b4c8a3-d555-4c44-be4e-11bc50336f6d","9a8f498d-bca0-4775-9dbf-17f396b18008","09ff5ca6-8012-46d8-9584-0e14825ca0fb","607af637-797b-40ca-aa65-d41a904978f4"],"dependents":[],"parameterHints":{"workflowName":{"value":"53bba59b-a391-4a06-b228-a911ec913119"},"workflowEntityId":{"value":"e88b09df-792b-ed11-9db1-00224842b3a1"},"3379f30e-146c-41c3-8650-58d320da44b3":{"value":"shared_wordonlinebusiness_1"},"99b4c8a3-d555-4c44-be4e-11bc50336f6d":{"value":"shared_sharepointonline_1"},"9a8f498d-bca0-4775-9dbf-17f396b18008":{"value":"shared_excelonlinebusiness_1"},"09ff5ca6-8012-46d8-9584-0e14825ca0fb":{"value":"shared_onedriveforbusiness"},"607af637-797b-40ca-aa65-d41a904978f4":{"value":"shared_office365"}},"parameterHintsV2":{"workflowName":{"value":"53bba59b-a391-4a06-b228-a911ec913119"},"workflowEntityId":{"value":"e88b09df-792b-ed11-9db1-00224842b3a1"},"shared_wordonlinebusiness_1":{"value":"3379f30e-146c-41c3-8650-58d320da44b3"},"shared_sharepointonline_1":{"value":"99b4c8a3-d555-4c44-be4e-11bc50336f6d"},"shared_excelonlinebusiness_1":{"value":"9a8f498d-bca0-4775-9dbf-17f396b18008"},"shared_onedriveforbusiness":{"value":"09ff5ca6-8012-46d8-9584-0e14825ca0fb"},"shared_office365":{"value":"607af637-797b-40ca-aa65-d41a904978f4"}},"isOnPremiseConnection":false,"bypassConsent":false,"dataSets":{},"apiTier":"Standard","actions":["Run"]},"3379f30e-146c-41c3-8650-58d320da44b3":{"id":"/providers/microsoft.powerapps/apis/shared_wordonlinebusiness","displayName":"Word Online (Business)","iconUri":"https://connectoricons-prod.azureedge.net/releases/v1.0.1591/1.0.1591.2961/wordonlinebusiness/icon.png","dataSources":[],"dependencies":[],"dependents":["bf4fbef6-3799-4dd8-8150-5ed64f4f2572"],"parameterHints":{},"parameterHintsV2":{},"isOnPremiseConnection":false,"bypassConsent":false,"dataSets":{},"apiTier":"Premium"},"99b4c8a3-d555-4c44-be4e-11bc50336f6d":{"id":"/providers/microsoft.powerapps/apis/shared_sharepointonline","displayName":"SharePoint","iconUri":"https://connectoricons-prod.azureedge.net/releases/v1.0.1591/1.0.1591.2961/sharepointonline/icon.png","dataSources":[],"dependencies":[],"dependents":["bf4fbef6-3799-4dd8-8150-5ed64f4f2572"],"parameterHints":{},"parameterHintsV2":{},"isOnPremiseConnection":false,"bypassConsent":false,"dataSets":{},"apiTier":"Standard","actions":["providers/PowerPlatform.Governance/Operations/Read","providers/PowerPlatform.Governance/Operations/Write"]},"9a8f498d-bca0-4775-9dbf-17f396b18008":{"id":"/providers/microsoft.powerapps/apis/shared_excelonlinebusiness","displayName":"Excel Online (Business)","iconUri":"https://connectoricons-prod.azureedge.net/releases/v1.0.1590/1.0.1590.2954/excelonlinebusiness/icon.png","dataSources":[],"dependencies":[],"dependents":["bf4fbef6-3799-4dd8-8150-5ed64f4f2572"],"parameterHints":{},"parameterHintsV2":{},"isOnPremiseConnection":false,"bypassConsent":false,"dataSets":{},"apiTier":"Standard"},"09ff5ca6-8012-46d8-9584-0e14825ca0fb":{"id":"/providers/microsoft.powerapps/apis/shared_onedriveforbusiness","displayName":"OneDrive for Business","iconUri":"https://connectoricons-prod.azureedge.net/releases/v1.0.1546/1.0.1546.2665/onedriveforbusiness/icon.png","dataSources":[],"dependencies":[],"dependents":["bf4fbef6-3799-4dd8-8150-5ed64f4f2572"],"parameterHints":{},"parameterHintsV2":{},"isOnPremiseConnection":false,"bypassConsent":false,"dataSets":{},"apiTier":"Standard"},"607af637-797b-40ca-aa65-d41a904978f4":{"id":"/providers/microsoft.powerapps/apis/shared_office365","displayName":"Office 365 Outlook","iconUri":"https://connectoricons-prod.azureedge.net/releases/v1.0.1596/1.0.1596.2995/office365/icon.png","dataSources":[],"dependencies":[],"dependents":["bf4fbef6-3799-4dd8-8150-5ed64f4f2572"],"parameterHints":{},"parameterHintsV2":{},"isOnPremiseConnection":false,"bypassConsent":false,"dataSets":{},"apiTier":"Standard"},"6dfa658d-538a-4aca-bb61-88a853399728":{"id":"/providers/microsoft.powerapps/apis/shared_sharepointonline","displayName":"SharePoint","iconUri":"https://connectoricons-prod.azureedge.net/releases/v1.0.1591/1.0.1591.2961/sharepointonline/icon.png","dataSources":["SharePointList"],"dependencies":[],"dependents":[],"parameterHints":{},"parameterHintsV2":{},"isOnPremiseConnection":false,"bypassConsent":false,"dataSets":{"https://abdndamodev.sharepoint.com/sites/DamoBird365":{"datasetOverride":{"environmentVariableName":"new_SharePointSite"},"dataSources":{"SharePointList":{"tableName":"737f89b2-9a7b-4dfa-b4ff-8a26ebd861ce","tableNameOverride":{"environmentVariableName":"new_SharePointList"}}}}},"apiTier":"Standard","actions":["providers/PowerPlatform.Governance/Operations/Read","providers/PowerPlatform.Governance/Operations/Write"]}}</ConnectionReferences>
      <DatabaseReferences>{}</DatabaseReferences>
      <AppComponents>[]</AppComponents>
      <AppComponentDependencies>[]</AppComponentDependencies>
      <CanConsumeAppPass>1</CanConsumeAppPass>
      <CanvasAppType>0</CanvasAppType>
      <BypassConsent>0</BypassConsent>
      <AdminControlBypassConsent>0</AdminControlBypassConsent>
      <EmbeddedApp xsi:nil="true"></EmbeddedApp>
      <IntroducedVersion>1.0</IntroducedVersion>
      <CdsDependencies>{"cdsdependencies":[{"logicalname":"new_SharePointSite","componenttype":380,"componenttypeplatformname":"EnvironmentVariableDefinition"},{"logicalname":"new_SharePointList","componenttype":380,"componenttypeplatformname":"EnvironmentVariableDefinition"}]}</CdsDependencies>
      <IsCustomizable>1</IsCustomizable>
      <BackgroundImageUri>/CanvasApps/new_createdocsviapowerapp_d1ac9_BackgroundImageUri</BackgroundImageUri>
      <DocumentUri>/CanvasApps/new_createdocsviapowerapp_d1ac9_DocumentUri.msapp</DocumentUri>
    </CanvasApp>
  </CanvasApps>
  <connectionreferences>
    <connectionreference connectionreferencelogicalname="new_sharedcommondataserviceforapps_a5bad">
      <connectionreferencedisplayname>Microsoft Dataverse CreateDocsViaPowerApps-a5bad</connectionreferencedisplayname>
      <connectorid>/providers/Microsoft.PowerApps/apis/shared_commondataserviceforapps</connectorid>
      <iscustomizable>1</iscustomizable>
      <statecode>0</statecode>
      <statuscode>1</statuscode>
    </connectionreference>
    <connectionreference connectionreferencelogicalname="new_sharedexcelonlinebusiness_ca670">
      <connectionreferencedisplayname>Excel Online (Business) CreateDocsViaPowerApps-ca670</connectionreferencedisplayname>
      <connectorid>/providers/Microsoft.PowerApps/apis/shared_excelonlinebusiness</connectorid>
      <iscustomizable>1</iscustomizable>
      <statecode>0</statecode>
      <statuscode>1</statuscode>
    </connectionreference>
    <connectionreference connectionreferencelogicalname="new_sharedoffice365_bb8aa">
      <connectionreferencedisplayname>Office 365 Outlook</connectionreferencedisplayname>
      <connectorid>/providers/Microsoft.PowerApps/apis/shared_office365</connectorid>
      <description>Outlook</description>
      <iscustomizable>1</iscustomizable>
      <statecode>0</statecode>
      <statuscode>1</statuscode>
    </connectionreference>
    <connectionreference connectionreferencelogicalname="new_sharedonedriveforbusiness_9d829">
      <connectionreferencedisplayname>OneDrive for Business CreateDocsViaPowerApps-9d829</connectionreferencedisplayname>
      <connectorid>/providers/Microsoft.PowerApps/apis/shared_onedriveforbusiness</connectorid>
      <iscustomizable>1</iscustomizable>
      <statecode>0</statecode>
      <statuscode>1</statuscode>
    </connectionreference>
    <connectionreference connectionreferencelogicalname="new_sharedsharepointonline_f899a">
      <connectionreferencedisplayname>SharePoint</connectionreferencedisplayname>
      <connectorid>/providers/Microsoft.PowerApps/apis/shared_sharepointonline</connectorid>
      <iscustomizable>1</iscustomizable>
      <statecode>0</statecode>
      <statuscode>1</statuscode>
    </connectionreference>
    <connectionreference connectionreferencelogicalname="new_sharedwordonlinebusiness_99ec1">
      <connectionreferencedisplayname>Word Online (Business) CreateDocsViaPowerApps-99ec1</connectionreferencedisplayname>
      <connectorid>/providers/Microsoft.PowerApps/apis/shared_wordonlinebusiness</connectorid>
      <iscustomizable>1</iscustomizable>
      <statecode>0</statecode>
      <statuscode>1</statuscode>
    </connectionreference>
  </connectionreferences>
  <Languages>
    <Language>1033</Language>
  </Languages>
</ImportExportXml>