<environmentvariabledefinition schemaname="new_SharePointSite">
  <apiid>/providers/microsoft.powerapps/apis/shared_sharepointonline</apiid>
  <description default="Main site for doc lib and site">
    <label description="Main site for doc lib and site" languagecode="1033" />
  </description>
  <displayname default="SharePointSite">
    <label description="SharePointSite" languagecode="1033" />
  </displayname>
  <introducedversion>1.0.0.0</introducedversion>
  <iscustomizable>1</iscustomizable>
  <isrequired>0</isrequired>
  <parameterkey>dataset</parameterkey>
  <secretstore>0</secretstore>
  <type>100000004</type>
</environmentvariabledefinition>